{
    "RN ten Doeschate": 4,
    "J Yadav": 4.142857142857143,
    "R Ashwin": 5.871794871794871,
    "S Nadeem": 6.142857142857143,
    "Parvez Rasool": 6.2,
    "Z Khan": 6.36,
    "MC Henriques": 6.56,
    "M Vijay": 7,
    "GB Hogg": 7.0476190476190474,
    "MA Starc": 7.116279069767442
}